{
  "$defs": {
    "ClauseSection": {
      "description": "Model for individual clause sections in the analysis output.",
      "properties": {
        "title": {
          "description": "Section title",
          "title": "Title",
          "type": "string"
        },
        "startIndex": {
          "description": "Start index in document",
          "minimum": 0,
          "title": "Startindex",
          "type": "integer"
        },
        "endIndex": {
          "description": "End index in document",
          "minimum": 0,
          "title": "Endindex",
          "type": "integer"
        },
        "clean_clause_text": {
          "description": "Cleaned clause text",
          "title": "Clean Clause Text",
          "type": "string"
        },
        "document_title": {
          "description": "Document title",
          "title": "Document Title",
          "type": "string"
        },
        "hierarchical_path": {
          "anyOf": [
            {
              "type": "string"
            },
            {
              "type": "null"
            }
          ],
          "default": null,
          "description": "Hierarchical path of the section",
          "title": "Hierarchical Path"
        },
        "nesting_level": {
          "anyOf": [
            {
              "minimum": 0,
              "type": "integer"
            },
            {
              "type": "null"
            }
          ],
          "default": null,
          "description": "Nesting level in document structure",
          "title": "Nesting Level"
        },
        "section_number": {
          "anyOf": [
            {
              "type": "string"
            },
            {
              "type": "null"
            }
          ],
          "default": null,
          "description": "Section number if available",
          "title": "Section Number"
        },
        "type_name": {
          "anyOf": [
            {
              "type": "string"
            },
            {
              "type": "null"
            }
          ],
          "default": null,
          "description": "Clause type name",
          "title": "Type Name"
        },
        "type_id": {
          "anyOf": [
            {
              "minimum": 0,
              "type": "integer"
            },
            {
              "type": "null"
            }
          ],
          "default": null,
          "description": "Clause type ID",
          "title": "Type Id"
        },
        "level": {
          "anyOf": [
            {
              "minimum": 0,
              "type": "integer"
            },
            {
              "type": "null"
            }
          ],
          "default": null,
          "description": "Section level",
          "title": "Level"
        },
        "is_definition": {
          "anyOf": [
            {
              "type": "boolean"
            },
            {
              "type": "null"
            }
          ],
          "default": false,
          "description": "Whether this is a definition section",
          "title": "Is Definition"
        },
        "parent_path": {
          "anyOf": [
            {
              "type": "string"
            },
            {
              "type": "null"
            }
          ],
          "default": null,
          "description": "Parent section path",
          "title": "Parent Path"
        },
        "section_index_at_level": {
          "anyOf": [
            {
              "minimum": 0,
              "type": "integer"
            },
            {
              "type": "null"
            }
          ],
          "default": null,
          "description": "Index at current level",
          "title": "Section Index At Level"
        },
        "clause_xpath": {
          "anyOf": [
            {
              "type": "string"
            },
            {
              "type": "null"
            }
          ],
          "default": null,
          "description": "XPath to the clause in HTML",
          "title": "Clause Xpath"
        },
        "clause_text": {
          "anyOf": [
            {
              "type": "string"
            },
            {
              "type": "null"
            }
          ],
          "default": null,
          "description": "Full clause text",
          "title": "Clause Text"
        },
        "source_file": {
          "anyOf": [
            {
              "type": "string"
            },
            {
              "type": "null"
            }
          ],
          "default": null,
          "description": "Source filename",
          "title": "Source File"
        }
      },
      "required": [
        "title",
        "startIndex",
        "endIndex",
        "clean_clause_text",
        "document_title"
      ],
      "title": "ClauseSection",
      "type": "object"
    }
  },
  "description": "Model for the complete analysis result.",
  "properties": {
    "success": {
      "description": "Whether the analysis was successful",
      "title": "Success",
      "type": "boolean"
    },
    "message": {
      "description": "Status message",
      "title": "Message",
      "type": "string"
    },
    "sections": {
      "description": "Analyzed clause sections",
      "items": {
        "$ref": "#/$defs/ClauseSection"
      },
      "title": "Sections",
      "type": "array"
    },
    "total_sections": {
      "description": "Total number of sections found",
      "minimum": 0,
      "title": "Total Sections",
      "type": "integer"
    },
    "processing_time_ms": {
      "anyOf": [
        {
          "minimum": 0,
          "type": "integer"
        },
        {
          "type": "null"
        }
      ],
      "default": null,
      "description": "Processing time in milliseconds",
      "title": "Processing Time Ms"
    },
    "document_info": {
      "anyOf": [
        {
          "additionalProperties": true,
          "type": "object"
        },
        {
          "type": "null"
        }
      ],
      "description": "Additional document metadata",
      "title": "Document Info"
    }
  },
  "required": [
    "success",
    "message",
    "total_sections"
  ],
  "title": "AnalysisResult",
  "type": "object"
}