{
  "$defs": {
    "ClauseAnalysis": {
      "description": "Extracted contractual clause with classification and associated issues/risks that\nmay affect the M&A transaction or post-close obligations.\nclause_text: Full quoted clause text (verbatim) from source document.\nclause_type: Normalized category (e.g. Termination, Indemnity, Change of Control).\nissue_or_risk: Structured list of identified IssueOrRisk objects\nassociated with the clause that may affect the transaction or post-close obligations.",
      "properties": {
        "document_name": {
          "title": "Document Name",
          "type": "string"
        },
        "clause_text": {
          "title": "Clause Text",
          "type": "string"
        },
        "clause_type": {
          "title": "Clause Type",
          "type": "string"
        },
        "issue_or_risk": {
          "items": {
            "$ref": "#/$defs/IssueOrRisk"
          },
          "title": "Issue Or Risk",
          "type": "array"
        }
      },
      "required": [
        "document_name",
        "clause_text",
        "clause_type",
        "issue_or_risk"
      ],
      "title": "ClauseAnalysis",
      "type": "object"
    },
    "IssueOrRisk": {
      "description": "Single issue/risk linked to a clause.\ndescription: Extractive concise statement of the risk/issue.\nimplications: Legal / financial / strategic consequences.\nimpacts: Deal areas potentially affected (e.g. valuation, indemnities).\nrecommendations: Actionable next steps / follow-up diligence / remediation.",
      "properties": {
        "description": {
          "title": "Description",
          "type": "string"
        },
        "implications": {
          "items": {
            "type": "string"
          },
          "title": "Implications",
          "type": "array"
        },
        "impacts": {
          "items": {
            "type": "string"
          },
          "title": "Impacts",
          "type": "array"
        },
        "recommendations": {
          "items": {
            "type": "string"
          },
          "title": "Recommendations",
          "type": "array"
        }
      },
      "required": [
        "description",
        "implications",
        "impacts",
        "recommendations"
      ],
      "title": "IssueOrRisk",
      "type": "object"
    }
  },
  "description": "Per-document M&A due diligence analysis output.\ndocument_name: Source document filename.\nclauses: List of analyzed clauses with linked structured risks.",
  "properties": {
    "document_name": {
      "title": "Document Name",
      "type": "string"
    },
    "clauses": {
      "items": {
        "$ref": "#/$defs/ClauseAnalysis"
      },
      "title": "Clauses",
      "type": "array"
    }
  },
  "required": [
    "document_name",
    "clauses"
  ],
  "title": "IssueIdentificationOutput",
  "type": "object"
}