<?xml  version="1.0" encoding="UTF-8"  ?>

<sysmanConfig xmlns:xsi="http://www.w3.org/2001/XMLSchema-instance"
xsi:noNamespaceSchemaLocation="http://lngcentral.lexisnexis.com/webs/sysmgmt/Documentation/SMAPI/smapi25.xsd">


      <configVariable name="baseDir">
            <value>C:\bs\opt\ln</value>
       </configVariable>

                       
       <configVariable name="appName">
           <value>intent512</value>
        </configVariable>
                
        <configVariable name="runLevel">
           <value>lambda</value>
        </configVariable>

        <configVariable name="copyNumber">
           <value>001</value>
        </configVariable>

        <configVariable name="CHASM_RESOURCEID">
           <value>${hostName}.${appName}_${runLevel}_${copyNumber}</value>
        </configVariable>

        <configVariable name="SMAPI_In_Lambda">
           <value>False</value>
        </configVariable>

	<!-- Appender for Logging -->

	<logging>
		<destination type="standard" maxFileBackup="10" maxFileSize="200000000">
			<defineif value1="prod" value2="${runLevel}"/>
		</destination>

        <priority level="info"></priority>
        
	</logging>


	<!-- Define all Errors Here -->

	<errors group="issueMgmt" smLogPrefix="issueMgmt">

		<errorDefinition>
			<errorId>is_error_00</errorId>
			<description>Internal Error Detected</description>
			<severity>CRI</severity>
			<action>Investigate Log Files.</action>
			<explanation>Something unexpected happened.</explanation>
		</errorDefinition>
        <errorDefinition>
			<errorId>is_error_01</errorId>
			<description>Configuration Error Detected</description>
			<severity>CRI</severity>
			<action>Check configuration, environment variables</action>
			<explanation>Initialization failure due to bad configuration.</explanation>
		</errorDefinition>

	</errors>

	<!-- Key Event Definitions -->

    <keyEvents group="issueMgmt" smLogPrefix="issueMgmt">

      <keyEventDefinition generateRecord="true">
         <keyEventId>is01</keyEventId>
         <description>KeyEventRecord for when the SageMaker client endpoint is invoked</description>
         <explanation>KeyEventRecord for when the SageMaker client endpoint is invoked</explanation>
      </keyEventDefinition>
      <keyEventDefinition generateRecord="true">
         <keyEventId>is02</keyEventId>
         <description>KeyEventRecord for when the LM healthcheck endpoint is invoked</description>
         <explanation>KeyEventRecord for when the LM healthcheck endpoint is invoked</explanation>
      </keyEventDefinition>


    </keyEvents>
	
</sysmanConfig>
