{
    "service": {
      "assetGroup": {
        "dev": {
          "DesiredCount": "1",
          "MaxContainers": "1",
          "MinContainers": "0",
          "ContainerCpu": "256",
          "ContainerMemory": "1024",
          "FargateSpotBase" : "1",
          "FargateBase" : "0",
          "FargateSpotWeight" : "2",
          "FargateWeight" : "1"
        },
        "cert": {
          "DesiredCount": "1",
          "MaxContainers": "1",
          "MinContainers": "1",
          "ContainerCpu": "512",
          "ContainerMemory": "1024",
          "FargateSpotBase" : "1",
          "FargateBase" : "0",
          "FargateSpotWeight" : "2",
          "FargateWeight" : "1"
        },
        "prod": {
          "DesiredCount": "1",
          "MaxContainers": "2",
          "MinContainers": "1",
          "ContainerCpu": "512",
          "ContainerMemory": "1024",
          "FargateSpotBase" : "0",
          "FargateBase" : "1",
          "FargateSpotWeight" : "2",
          "FargateWeight" : "1"
        }
      }
    }
  }